Goal,Fitness Level,Recommendation
lose face fat,beginner,"moderate carb intake, interval training"
lose face fat,beginner,"moderate carb intake, interval training"
lose face fat,beginner,"moderate carb intake, interval training"
lose face fat,beginner,"avoid late-night snacks, morning walks"
lose face fat,beginner,"avoid late-night snacks, morning walks"
lose face fat,beginner,"avoid late-night snacks, morning walks"
lose face fat,beginner,"high hydration, reduce sugar"
lose face fat,beginner,"high hydration, reduce sugar"
lose face fat,beginner,"high hydration, reduce sugar"
lose face fat,intermediate,"HIIT workouts, calorie deficit"
lose face fat,intermediate,"HIIT workouts, calorie deficit"
lose face fat,intermediate,"HIIT workouts, calorie deficit"
lose face fat,intermediate,"low sodium diet, daily cardio"
lose face fat,intermediate,"low sodium diet, daily cardio"
lose face fat,intermediate,"low sodium diet, daily cardio"
lose face fat,advanced,"intense HIIT, strict macro tracking"
lose face fat,advanced,"intense HIIT, strict macro tracking"
lose face fat,advanced,"intense HIIT, strict macro tracking"
build muscle,beginner,"compound lifts, high protein diet"
build muscle,beginner,"compound lifts, high protein diet"
build muscle,beginner,"compound lifts, high protein diet"
build muscle,beginner,"bodyweight exercises, protein shakes"
build muscle,beginner,"bodyweight exercises, protein shakes"
build muscle,beginner,"bodyweight exercises, protein shakes"
build muscle,intermediate,"progressive overload, creatine"
build muscle,intermediate,"progressive overload, creatine"
build muscle,intermediate,"progressive overload, creatine"
build muscle,intermediate,"split training, calorie surplus"
build muscle,intermediate,"split training, calorie surplus"
build muscle,intermediate,"split training, calorie surplus"
build muscle,advanced,"heavy lifting, advanced supplementation"
build muscle,advanced,"heavy lifting, advanced supplementation"
build muscle,advanced,"heavy lifting, advanced supplementation"
improve endurance,beginner,"light jogging, increase weekly mileage"
improve endurance,beginner,"light jogging, increase weekly mileage"
improve endurance,beginner,"light jogging, increase weekly mileage"
improve endurance,beginner,"cycling, maintain steady pace"
improve endurance,beginner,"cycling, maintain steady pace"
improve endurance,beginner,"cycling, maintain steady pace"
improve endurance,intermediate,"tempo runs, interval training"
improve endurance,intermediate,"tempo runs, interval training"
improve endurance,intermediate,"tempo runs, interval training"
improve endurance,advanced,"marathon training plan, lactate threshold runs"
improve endurance,advanced,"marathon training plan, lactate threshold runs"
improve endurance,advanced,"marathon training plan, lactate threshold runs"
lose weight,beginner,"calorie tracking, daily walks"
lose weight,beginner,"calorie tracking, daily walks"
lose weight,beginner,"calorie tracking, daily walks"
lose weight,beginner,"portion control, cut sugary drinks"
lose weight,beginner,"portion control, cut sugary drinks"
lose weight,beginner,"portion control, cut sugary drinks"
lose weight,intermediate,"strength training, intermittent fasting"
lose weight,intermediate,"strength training, intermittent fasting"
lose weight,intermediate,"strength training, intermittent fasting"
lose weight,advanced,"two-a-day workouts, carb cycling"
lose weight,advanced,"two-a-day workouts, carb cycling"
lose weight,advanced,"two-a-day workouts, carb cycling"
increase flexibility,beginner,"basic stretching, yoga twice a week"
increase flexibility,beginner,"basic stretching, yoga twice a week"
increase flexibility,beginner,"basic stretching, yoga twice a week"
increase flexibility,beginner,"dynamic warm-ups, pilates"
increase flexibility,beginner,"dynamic warm-ups, pilates"
increase flexibility,beginner,"dynamic warm-ups, pilates"
increase flexibility,intermediate,"yoga flow, PNF stretching"
increase flexibility,intermediate,"yoga flow, PNF stretching"
increase flexibility,intermediate,"yoga flow, PNF stretching"
increase flexibility,advanced,"advanced yoga poses, contortion training"
increase flexibility,advanced,"advanced yoga poses, contortion training"
increase flexibility,advanced,"advanced yoga poses, contortion training"
improve posture,beginner,"posture correction exercises, light resistance bands"
improve posture,beginner,"posture correction exercises, light resistance bands"
improve posture,beginner,"posture correction exercises, light resistance bands"
improve posture,beginner,"core strengthening, avoid prolonged sitting"
improve posture,beginner,"core strengthening, avoid prolonged sitting"
improve posture,beginner,"core strengthening, avoid prolonged sitting"
improve posture,intermediate,"Pilates, back muscle strengthening"
improve posture,intermediate,"Pilates, back muscle strengthening"
improve posture,intermediate,"Pilates, back muscle strengthening"
improve posture,advanced,"weight training for posture, advanced pilates"
improve posture,advanced,"weight training for posture, advanced pilates"
improve posture,advanced,"weight training for posture, advanced pilates"
